{"schemaVersion":"1.0","appDefinitionTemplate":{"id":"/providers/Microsoft.PowerApps/apps/","type":"Microsoft.PowerApps/apps","tags":{"primaryDeviceWidth":"1366","primaryDeviceHeight":"768","supportsPortrait":"true","supportsLandscape":"true","primaryFormFactor":"Tablet","showStatusBar":"false","publisherVersion":"3.24073.22","minimumRequiredApiVersion":"2.2.0","hasComponent":"false","hasUnlockedComponent":"false","isUnifiedRootApp":"false","offlineLargeFilesSupport":"false","sienaVersion":"20240801T211504Z-3.24073.22.0"},"properties":{"appVersion":"2024-08-01T21:15:04Z","lifeCycleId":"Published","createdByClientVersion":{"major":3,"minor":24073,"build":22,"revision":0,"majorRevision":0,"minorRevision":0},"minClientVersion":{"major":3,"minor":24073,"build":22,"revision":0,"majorRevision":0,"minorRevision":0},"backgroundColor":"rgba(255, 255, 255, 1)","backgroundImageUri":"/12525886652895660051/Nbbcd8e0e-b5e1-49e8-adff-2aa52319ac79-logoSmallFile","displayName":"New Viva Engage Community","description":"This will create a new Viva Engage community","commitMessage":"","appUris":{"documentUri":{"value":"/12525886652895660051/Nfd031893-d7ff-4f78-9426-8def7d44610a-document.msapp"},"imageUris":[],"additionalUris":[{"isSolutionAware":false,"value":"/12525886652895660051/N10b09bbb-c32f-46f0-ae8e-04bcc7626a4d-identity.json"}]},"createdTime":"0001-01-01T00:00:00Z","lastModifiedTime":"0001-01-01T00:00:00Z","sharedGroupsCount":0,"sharedUsersCount":0,"connectionReferences":{"aabf10bd-a5c3-4712-8df0-394b7f846ded":{"id":"4c9bea3f-616a-439e-b453-6d155cc1c36b","displayName":"Viva Engage","iconUri":"https://connectoricons-prod.azureedge.net/releases/v1.0.1690/1.0.1690.3719/yammer/icon.png","dataSources":["VivaEngage"],"dependencies":[],"dependents":[],"parameterHints":{},"parameterHintsV2":{},"isOnPremiseConnection":false,"bypassConsent":false,"dataSets":{},"apiTier":"Standard","isCustomApiConnection":false},"00d26ed3-ae54-46e2-8ba3-0c92111e0764":{"id":"bb4ab444-b0fa-4541-ab17-dc530ec162f8","displayName":"Office 365 Users","iconUri":"https://connectoricons-prod.azureedge.net/releases/v1.0.1702/1.0.1702.3810/office365users/icon.png","dataSources":["Office365Users"],"dependencies":[],"dependents":["a1feade5-fa3a-49f7-8c86-229f91c5ea22"],"parameterHints":{},"parameterHintsV2":{},"isOnPremiseConnection":false,"bypassConsent":false,"dataSets":{},"apiTier":"Standard","isCustomApiConnection":false},"a1feade5-fa3a-49f7-8c86-229f91c5ea22":{"id":"2c34bfb8-6709-4438-91f8-1d33265b100e","displayName":"Logic flows","iconUri":"https://connectoricons-prod.azureedge.net/releases/v1.0.1697/1.0.1697.3784/logicflows/icon.png","dataSources":["VivaEngageCCFlow"],"dependencies":["00d26ed3-ae54-46e2-8ba3-0c92111e0764"],"dependents":[],"parameterHints":{"workflowName":{"value":"123dd230-d273-40a8-b2f6-e35a111751e8"},"workflowEntityId":{},"workflowDisplayName":{"value":"Viva Engage CC Flow"},"00d26ed3-ae54-46e2-8ba3-0c92111e0764":{"value":"shared_office365users_1"}},"parameterHintsV2":{"workflowName":{"value":"123dd230-d273-40a8-b2f6-e35a111751e8"},"workflowEntityId":{},"workflowDisplayName":{"value":"Viva Engage CC Flow"},"shared_office365users_1":{"value":"00d26ed3-ae54-46e2-8ba3-0c92111e0764"}},"isOnPremiseConnection":false,"bypassConsent":false,"dataSets":{},"apiTier":"Standard","isCustomApiConnection":false,"actions":["Run"],"nestedActions":[{"id":"/providers/Microsoft.PowerApps/apis/shared_office365users/apiOperations/UserProfile_V2","apiName":"Office 365 Users","actionName":"UserProfile_V2","referencedResources":[]}]}},"databaseReferences":{},"almMode":"Environment","performanceOptimizationEnabled":true,"canConsumeAppPass":true,"enableModernRuntimeMode":false,"executionRestrictions":{"isTeamsOnly":false,"dataLossPreventionEvaluationResult":{"status":"Compliant","lastEvaluationDate":"2024-08-01T21:15:08.3633691Z","violations":[],"violationsByPolicy":[],"violationErrorMessage":"The app uses the following connectors: shared_yammer, shared_office365users, shared_logicflows."},"httpActionRestriction":{"appUsesSharepointHttpAction":false,"enforcementStrategy":"Legacy","evaluationTime":"2024-08-01T21:15:08.363265Z"}}},"appType":"ClassicCanvasApp","appComponents":[]}}