{"name":"99260584-d7f9-4323-bfdf-9db236b2e0d3","id":"/providers/Microsoft.Flow/flows/99260584-d7f9-4323-bfdf-9db236b2e0d3","type":"Microsoft.Flow/flows","properties":{"apiId":"/providers/Microsoft.PowerApps/apis/shared_logicflows","displayName":"Viva Engage CC Flow","definition":{"metadata":{"workflowEntityId":null,"processAdvisorMetadata":null,"flowChargedByPaygo":null,"flowclientsuspensionreason":"None","flowclientsuspensiontime":null,"flowclientsuspensionreasondetails":null,"creator":{"id":"fbbc47bc-c92d-4aea-a94c-bc6ba49db0f8","type":"User","tenantId":"52b242aa-cf28-4730-a12a-71d78b941cf8"},"provisioningMethod":"FromDefinition","failureAlertSubscription":true,"clientLastModifiedTime":"2024-11-13T18:11:30.3264494Z","connectionKeySavedTimeKey":"2024-11-13T18:11:30.3264494Z"},"$schema":"https://schema.management.azure.com/providers/Microsoft.Logic/schemas/2016-06-01/workflowdefinition.json#","contentVersion":"1.0.0.0","parameters":{"$connections":{"defaultValue":{},"type":"Object"},"$authentication":{"defaultValue":{},"type":"SecureObject"}},"triggers":{"manual":{"metadata":{"operationMetadataId":"00d19917-7da8-41af-9d99-392b5be6a6a0"},"type":"Request","kind":"PowerAppV2","inputs":{"schema":{"type":"object","properties":{"text":{"title":"cName","type":"string","x-ms-dynamically-added":true,"description":"Please enter your input","x-ms-content-hint":"TEXT"},"text_1":{"title":"cDescription","type":"string","x-ms-dynamically-added":true,"description":"Please enter your input","x-ms-content-hint":"TEXT"},"text_2":{"title":"cPrivacy","type":"string","x-ms-dynamically-added":true,"description":"Please enter your input","x-ms-content-hint":"TEXT"},"text_3":{"title":"User().Email","type":"string","x-ms-dynamically-added":true,"description":"Please enter your input","x-ms-content-hint":"TEXT"}},"required":["text","text_1","text_2","text_3"]}}}},"actions":{"Get_Access_Token":{"runAfter":{"User_Info_Variable":["Succeeded"]},"metadata":{"operationMetadataId":"585133db-3efe-492b-8a93-c5ce61567276"},"type":"Http","inputs":{"method":"POST","uri":"https://login.microsoftonline.com/TENANTID/oauth2/v2.0/token","headers":{"Content-Type":"application/x-www-form-urlencoded"},"body":"grant_type=client_credentials\n&client_id=CLIENTID\n&client_secret=CLIENTSECRET\n&scope=https://graph.microsoft.com/.default"}},"Parse_JSON":{"runAfter":{"Get_Access_Token":["Succeeded"]},"metadata":{"operationMetadataId":"b1ed885b-38b2-43d8-a751-72cb39f0ca26"},"type":"ParseJson","inputs":{"content":"@body('Get_Access_Token')","schema":{"type":"object","properties":{"token_type":{"type":"string"},"expires_in":{"type":"integer"},"ext_expires_in":{"type":"integer"},"access_token":{"type":"string"}}}}},"Create_JSON_Payload":{"runAfter":{"Parse_JSON":["Succeeded"]},"metadata":{"operationMetadataId":"602cda27-55c7-49c8-a665-fbb83bf477f9"},"type":"InitializeVariable","inputs":{"variables":[{"name":"Payload","type":"string","value":"{\n  \"displayName\":@{triggerBody()['text']},\n  \"description\":\"@{triggerBody()['text_1']}\",\n  \"privacy\":\"@{triggerBody()['text_2']}\",\n  \"owners@odata.bind\":@{variables('cOwner')}\n}"}]}},"Create_Community":{"runAfter":{"Create_JSON_Payload":["Succeeded"]},"metadata":{"operationMetadataId":"14037f80-ae37-42ba-84db-90fb0fc888b2"},"type":"Http","inputs":{"method":"POST","uri":"https://graph.microsoft.com/v1.0/employeeExperience/communities","headers":{"Content-Type":"application/json"},"body":"@json(variables('Payload'))","authentication":{"type":"Raw","value":"@body('Parse_JSON')?['access_token']"}}},"User_Info_Variable":{"runAfter":{"Get_user_profile_(V2)":["Succeeded"]},"metadata":{"operationMetadataId":"20aefe66-0036-48b8-a9a8-17d9ff6a0f4a"},"type":"InitializeVariable","inputs":{"variables":[{"name":"cOwner","type":"string","value":"[\"https://graph.microsoft.com/beta/users/@{outputs('Get_user_profile_(V2)')?['body/id']}\"]"}]}},"Get_user_profile_(V2)":{"runAfter":{},"metadata":{"operationMetadataId":"9cedc7d4-f1a5-47fd-ba0d-f992c2fbae48"},"type":"OpenApiConnection","inputs":{"host":{"apiId":"/providers/Microsoft.PowerApps/apis/shared_office365users","connectionName":"shared_office365users_1","operationId":"UserProfile_V2"},"parameters":{"id":"@triggerBody()['text_3']"},"authentication":{"value":"@json(decodeBase64(triggerOutputs().headers['X-MS-APIM-Tokens']))['$ConnectionKey']","type":"Raw"}}},"Success_Response":{"runAfter":{"Create_Community":["Succeeded"]},"metadata":{"operationMetadataId":"ad60ba73-b3ee-4764-84a7-a212f927600a"},"type":"Response","kind":"PowerApp","inputs":{"statusCode":200,"body":{"cstatus":"Community @{triggerBody()['text']} created successfully!"},"schema":{"type":"object","properties":{"cstatus":{"title":"cStatus","x-ms-dynamically-added":true,"type":"string"}}}}},"Failure_Response":{"runAfter":{"Parse_JSON_2":["Succeeded"]},"metadata":{"operationMetadataId":"97cdaf9d-1ebc-4288-a233-c47ecad57e7b"},"type":"Response","kind":"PowerApp","inputs":{"statusCode":200,"body":{"cstatus":"Community Creation Failed. Error: @{outputs('Create_Community')['statusCode']} @{body('Parse_JSON_2')?['error']?['message']}"},"schema":{"type":"object","properties":{"cstatus":{"title":"cStatus","x-ms-dynamically-added":true,"type":"string"}}}}},"Parse_JSON_2":{"runAfter":{"Create_Community":["Failed","TimedOut"]},"metadata":{"operationMetadataId":"8a3dc186-9eaa-45da-962d-293a0d8d6b8d"},"type":"ParseJson","inputs":{"content":"@body('Create_Community')","schema":{"type":"object","properties":{"error":{"type":"object","properties":{"code":{"type":"string"},"message":{"type":"string"},"innerError":{"type":"object","properties":{"date":{"type":"string"},"request-id":{"type":"string"},"client-request-id":{"type":"string"}}}}}}}}}}},"connectionReferences":{"shared_office365users_1":{"connectionName":"e7b5d6269cfc4ea79b1d280c8b5620ed","source":"Invoker","id":"/providers/Microsoft.PowerApps/apis/shared_office365users","tier":"NotSpecified"}},"flowFailureAlertSubscribed":false,"isManaged":false}}